{
  "weights": [
    0.258355,
    -0.103242,
    0.082194,
    -0.107484,
    0.004354
  ],
  "thresholds": [
    0.1863,
    0.2216,
    0.2665
  ],
  "provenance": {
    "version": "phase12-1.0",
    "n_fit": 107,
    "ridge": 0.01,
    "fit_manifest_hash": "1b0e1aa1740d0fdc",
    "features": [
      "bias",
      "n_eff/12",
      "struct_entropy",
      "horizon/365",
      "ev_quality"
    ]
  }
}