{
  "artifact_checksum": "118dcb803731a9cec6bd86ffb657e3143e55fd6fe08aeb3ee61e114ef60ae789",
  "datasets": {
    "enron_repaired": {
      "B7_minus_B5": {
        "ci95": [
          -0.052193371031993195,
          -0.034199377525088684
        ],
        "cluster_unit": "dataset_preregistered_cluster",
        "clusters": 5917,
        "estimand": "log_loss_arm_a_minus_arm_b",
        "mean": -0.0430684533227031,
        "n_boot": 2000,
        "seed": 404,
        "two_sided_p": 0.0
      },
      "B7_minus_B6": {
        "ci95": [
          -0.00905541080194034,
          -0.004036816391102962
        ],
        "cluster_unit": "dataset_preregistered_cluster",
        "clusters": 5917,
        "estimand": "log_loss_arm_a_minus_arm_b",
        "mean": -0.006551806609505782,
        "n_boot": 2000,
        "seed": 404,
        "two_sided_p": 0.0
      },
      "B7_minus_B8": {
        "ci95": [
          -0.036441054503304676,
          -0.022230672612815448
        ],
        "cluster_unit": "dataset_preregistered_cluster",
        "clusters": 5917,
        "estimand": "log_loss_arm_a_minus_arm_b",
        "mean": -0.029181998095107596,
        "n_boot": 2000,
        "seed": 404,
        "two_sided_p": 0.0
      }
    },
    "ipd_long": {
      "B7_minus_B5": {
        "ci95": [
          -0.37105827131023034,
          -0.13450445662083324
        ],
        "cluster_unit": "dataset_preregistered_cluster",
        "clusters": 2,
        "estimand": "log_loss_arm_a_minus_arm_b",
        "mean": -0.28007603489123145,
        "n_boot": 2000,
        "seed": 404,
        "two_sided_p": 0.0
      },
      "B7_minus_B6": {
        "ci95": [
          -1.5404344466674047e-18,
          7.806255641895632e-20
        ],
        "cluster_unit": "dataset_preregistered_cluster",
        "clusters": 2,
        "estimand": "log_loss_arm_a_minus_arm_b",
        "mean": -5.444362909219517e-19,
        "n_boot": 2000,
        "seed": 404,
        "two_sided_p": 0.479
      },
      "B7_minus_B8": {
        "ci95": [
          -0.007520124614165668,
          -0.005575360245515667
        ],
        "cluster_unit": "dataset_preregistered_cluster",
        "clusters": 2,
        "estimand": "log_loss_arm_a_minus_arm_b",
        "mean": -0.006772138318531053,
        "n_boot": 2000,
        "seed": 404,
        "two_sided_p": 0.0
      }
    },
    "voteview_senate": {
      "B7_minus_B5": {
        "ci95": [
          -0.4001004119341756,
          -0.3170635689313671
        ],
        "cluster_unit": "dataset_preregistered_cluster",
        "clusters": 691,
        "estimand": "log_loss_arm_a_minus_arm_b",
        "mean": -0.35803126204182684,
        "n_boot": 2000,
        "seed": 404,
        "two_sided_p": 0.0
      },
      "B7_minus_B6": {
        "ci95": [
          -0.3346524838799414,
          -0.2613291037890747
        ],
        "cluster_unit": "dataset_preregistered_cluster",
        "clusters": 691,
        "estimand": "log_loss_arm_a_minus_arm_b",
        "mean": -0.29777891803712964,
        "n_boot": 2000,
        "seed": 404,
        "two_sided_p": 0.0
      },
      "B7_minus_B8": {
        "ci95": [
          -0.8537553036500196,
          -0.727296718797325
        ],
        "cluster_unit": "dataset_preregistered_cluster",
        "clusters": 691,
        "estimand": "log_loss_arm_a_minus_arm_b",
        "mean": -0.7904518173161063,
        "n_boot": 2000,
        "seed": 404,
        "two_sided_p": 0.0
      }
    }
  },
  "schema_version": "wmv2.phase4-completion.clustered-confidence-intervals.v1"
}