{
  "artifact_checksum": "fd2c88976015879d7edb7e1cc19c388ae376dd7355744d5bbd97befe8afa5ea7",
  "datasets": {
    "enron_repaired": {
      "build_fit_score_seconds": 618.7447385829873,
      "numeric_elapsed_seconds": 146.00729191699065,
      "rows": 309441
    },
    "ipd_long": {
      "build_fit_score_seconds": 8.079974959022366,
      "numeric_elapsed_seconds": 4.822868166957051,
      "rows": 18800
    },
    "voteview_senate": {
      "build_fit_score_seconds": 198.88443804200506,
      "numeric_elapsed_seconds": 129.5055819999543,
      "rows": 283675
    }
  },
  "schema_version": "wmv2.phase4-completion.cost-latency-memory.v1"
}