{
  "artifact_checksum": "356c9ee1a82d76bc3c58fd7bfad91b7eac30aae5bcaae6d7041fac91c6640431",
  "cmv": {
    "B7_vs_B4": {
      "ci95": [
        -0.6728712030665812,
        -0.4052204270508448
      ],
      "effective_weight": 180.0,
      "mean": -0.5387705774520334,
      "n": 180,
      "resampling_unit": "trajectory_row_with_frequency_weight"
    },
    "B7_vs_B5": {
      "ci95": [
        -0.014527199907520851,
        0.003544262887416094
      ],
      "effective_weight": 180.0,
      "mean": -0.005852897765951118,
      "n": 180,
      "resampling_unit": "trajectory_row_with_frequency_weight"
    },
    "B7_vs_B6": {
      "ci95": [
        -0.00033584198747360877,
        0.0007969533118340348
      ],
      "effective_weight": 180.0,
      "mean": 0.00023055566218021302,
      "n": 180,
      "resampling_unit": "trajectory_row_with_frequency_weight"
    }
  },
  "opinionqa": {
    "B7_vs_B4": {
      "ci95": [
        -0.00043909280372304187,
        0.0010379796972303107
      ],
      "effective_weight": 3511.0,
      "mean": 0.00033047438164761236,
      "n": 3511,
      "resampling_unit": "trajectory_row_with_frequency_weight"
    },
    "B7_vs_B5": {
      "ci95": [
        -0.0015125175580657107,
        -0.00013474404877308774
      ],
      "effective_weight": 3511.0,
      "mean": -0.0008050122424830124,
      "n": 3511,
      "resampling_unit": "trajectory_row_with_frequency_weight"
    },
    "B7_vs_B6": {
      "ci95": [
        0.0,
        0.0
      ],
      "effective_weight": 3511.0,
      "mean": 0.0,
      "n": 3511,
      "resampling_unit": "trajectory_row_with_frequency_weight"
    }
  },
  "upworthy": {
    "B7_vs_B4": {
      "ci95": [
        -0.008301962438953035,
        -0.006734871591233747
      ],
      "effective_weight": 12283525.0,
      "mean": -0.007564812137762419,
      "n": 6771,
      "resampling_unit": "trajectory_row_with_frequency_weight"
    },
    "B7_vs_B5": {
      "ci95": [
        -5.459500312651636e-09,
        1.2105434248532974e-08
      ],
      "effective_weight": 12283525.0,
      "mean": 2.923669316953357e-09,
      "n": 6771,
      "resampling_unit": "trajectory_row_with_frequency_weight"
    },
    "B7_vs_B6": {
      "ci95": [
        -6.601911662373813e-09,
        1.1877213345165148e-08
      ],
      "effective_weight": 12283525.0,
      "mean": 2.923669316953357e-09,
      "n": 6771,
      "resampling_unit": "trajectory_row_with_frequency_weight"
    }
  }
}