{
 "weights": {
  "personalization": [
   0.4174964549958589,
   0.049983996322942086
  ],
  "relevance_fit": [
   0.7,
   0.3
  ],
  "clarity": [
   0.6821626639476969,
   0.06813826514039456
  ],
  "credibility_proof": [
   0.3649295490387972,
   0.05757246039851474
  ],
  "responder_incentive": [
   0.4304378587827943,
   0.057504350140286604
  ],
  "ask_directness": [
   -0.22522395350446692,
   0.0404459873226639
  ],
  "low_effort_ask": [
   0.5620800096994726,
   0.045134952984161106
  ],
  "convenience_selling": [
   -0.22285548930122515,
   0.08117926822377997
  ],
  "length_fit": [
   0.4539498289391391,
   0.0518634757895574
  ],
  "warmth": [
   0.7730644124299192,
   0.03692124209827513
  ],
  "pushiness": [
   -0.6527988957382517,
   0.03565080144377934
  ],
  "credential_signaling": [
   0.07019212838461406,
   0.058601280111873946
  ],
  "cred\u00d7statusorient": [
   -1.2499273210514825,
   0.23936459017216116
  ],
  "cred\u00d7status": [
   0.3252124285154306,
   0.302004332454271
  ],
  "proof\u00d7skeptic": [
   0.6127442089238828,
   0.22480888939833468
  ],
  "incent\u00d7status": [
   0.36695621412172047,
   0.2670313403483221
  ],
  "conv\u00d7statusorient": [
   -1.1160934175916801,
   0.29260618799000065
  ],
  "conv\u00d7skeptic": [
   -0.634039493691909,
   0.27123288126501244
  ],
  "rel\u00d7attn": [
   0.3,
   0.3
  ],
  "effort\u00d7attn": [
   0.3,
   0.3
  ],
  "pers\u00d7rel": [
   0.3,
   0.25
  ],
  "push\u00d7status": [
   -0.5247201104261745,
   0.23021715384439118
  ],
  "ask\u00d7open": [
   0.24247760464955329,
   0.21342918020528232
  ],
  "len\u00d7attn": [
   0.25,
   0.25
  ]
 },
 "grade": {
  "grade": "A",
  "ece": 0.0211,
  "brier": 0.2286,
  "log_loss": 0.6486,
  "uplift@20": 0.1241,
  "n_test": 5915,
  "test_base_rate": 0.6291,
  "note": "graded on a held-out split of the supplied reply outcomes"
 },
 "n_train": 13799,
 "prior_blend": 1.0
}