{
 "weights": {
  "personalization": [
   0.41393565026357554,
   0.05004626952302939
  ],
  "relevance_fit": [
   0.7,
   0.3
  ],
  "clarity": [
   0.7108587115495617,
   0.06818466879670865
  ],
  "credibility_proof": [
   0.40086540566953704,
   0.05763822599259116
  ],
  "responder_incentive": [
   0.45003745103758214,
   0.05757711057887248
  ],
  "ask_directness": [
   -0.2245886150393493,
   0.04049764262687684
  ],
  "low_effort_ask": [
   0.5906820639570408,
   0.04518158357390033
  ],
  "convenience_selling": [
   -0.20826481001999378,
   0.08129458241818142
  ],
  "length_fit": [
   0.46846072803089706,
   0.05194560018725646
  ],
  "warmth": [
   0.7895325089298193,
   0.036956654763644015
  ],
  "pushiness": [
   -0.60380889299284,
   0.03569494425695774
  ],
  "credential_signaling": [
   0.08872830131196097,
   0.058668949137744626
  ],
  "identity_legibility": [
   0.1867927770116288,
   0.05045360433599438
  ],
  "claim_believability": [
   0.4080914935845735,
   0.08278773966340919
  ],
  "cognitive_effort": [
   -0.3719245865408289,
   0.057485049896665225
  ],
  "adversarial_framing": [
   -0.28882249928554177,
   0.08248700952392422
  ],
  "next_step_clarity": [
   0.5674412337484958,
   0.057433014408597424
  ],
  "cred\u00d7statusorient": [
   -1.25375637071336,
   0.23954894651838807
  ],
  "cred\u00d7status": [
   0.3233220856447484,
   0.30209683547118443
  ],
  "proof\u00d7skeptic": [
   0.6200369951936126,
   0.22496540748293775
  ],
  "incent\u00d7status": [
   0.36499625489624116,
   0.2671040904665024
  ],
  "conv\u00d7statusorient": [
   -1.1191923595233308,
   0.2928219691284412
  ],
  "conv\u00d7skeptic": [
   -0.630976839225807,
   0.2714047205056457
  ],
  "rel\u00d7attn": [
   0.3,
   0.3
  ],
  "effort\u00d7attn": [
   0.3,
   0.3
  ],
  "pers\u00d7rel": [
   0.3,
   0.25
  ],
  "push\u00d7status": [
   -0.5296191107007169,
   0.23033589329008414
  ],
  "advers\u00d7rel": [
   0.4,
   0.25
  ],
  "believe\u00d7skeptic": [
   0.43161829871691487,
   0.21720574202921297
  ],
  "ask\u00d7open": [
   0.2425411384960647,
   0.2135049768404456
  ],
  "len\u00d7attn": [
   0.25,
   0.25
  ]
 },
 "grade": {
  "grade": "A",
  "ece": 0.0206,
  "brier": 0.2285,
  "log_loss": 0.6484,
  "uplift@20": 0.1182,
  "n_test": 5915,
  "test_base_rate": 0.6291,
  "note": "graded on a held-out split of the supplied reply outcomes"
 },
 "n_train": 13799,
 "prior_blend": 1.0
}