{
 "weights": {
  "personalization": [
   0.4108697689821059,
   0.04998291943873984
  ],
  "relevance_fit": [
   0.7,
   0.3
  ],
  "clarity": [
   0.6843661633169082,
   0.06813317400470284
  ],
  "credibility_proof": [
   0.3580123337098458,
   0.05756556821223462
  ],
  "responder_incentive": [
   0.42302675802049167,
   0.057497043133078234
  ],
  "ask_directness": [
   -0.22490984700785605,
   0.04044148829817179
  ],
  "low_effort_ask": [
   0.5512077133198682,
   0.04513174753690174
  ],
  "length_fit": [
   0.45274523397045324,
   0.05185737638129002
  ],
  "warmth": [
   0.7645282884463899,
   0.036920624997737746
  ],
  "pushiness": [
   -0.6685903512111065,
   0.035647058602855226
  ],
  "credential_signaling": [
   0.06295220283235156,
   0.05859505914565201
  ],
  "cred\u00d7statusorient": [
   -1.2484364093372844,
   0.23934763121113073
  ],
  "cred\u00d7status": [
   0.32594936562502436,
   0.3019958166269956
  ],
  "proof\u00d7skeptic": [
   0.6113356523785872,
   0.22479247429987229
  ],
  "incent\u00d7status": [
   0.36769732419795037,
   0.2670240224044444
  ],
  "rel\u00d7attn": [
   0.3,
   0.3
  ],
  "effort\u00d7attn": [
   0.3,
   0.3
  ],
  "pers\u00d7rel": [
   0.3,
   0.25
  ],
  "push\u00d7status": [
   -0.5231409648788895,
   0.2302070741725764
  ],
  "ask\u00d7open": [
   0.24250901529921487,
   0.21342256861840359
  ],
  "len\u00d7attn": [
   0.25,
   0.25
  ]
 },
 "grade": {
  "grade": "A",
  "ece": 0.0204,
  "brier": 0.2286,
  "log_loss": 0.6485,
  "uplift@20": 0.1258,
  "n_test": 5915,
  "test_base_rate": 0.6291,
  "note": "graded on a held-out split of the supplied reply outcomes"
 },
 "n_train": 13799,
 "prior_blend": 1.0
}