{"mf_9qOz90UELP": {"grounded": 0.5862343670321392, "plain": 0.5558427982836894}, "mf_SLs5UusIpc": {"grounded": 0.6072390511038019, "plain": 0.39958304238627}, "mf_Q8P928Pppc": {"grounded": 0.5744286594793716, "plain": 0.6041308353257818}, "mf_NutcSdINNd": {"grounded": 0.2003428050306986, "plain": 0.45346001905235334}, "mf_ZdPIn9E9Uc": {"grounded": null, "plain": 0.5058356991193032}, "mf_6UtRyuRt9g": {"grounded": 0.6950138849389625, "plain": 0.5990811172510067}, "mf_Z6NctphZIU": {"plain": 0.3877333333333334, "grounded": 0.27}, "mf_qznlZIzNt2": {"plain": 0.2579044754852858, "grounded": 0.5596908474689498}, "mf_6lSAqSl6s8": {"plain": 0.6037613508717813, "grounded": 0.6651817746526327}, "mf_h0OZgIZdp6": {"plain": 0.4493930501469008, "grounded": 0.5687097903022831}, "mf_NI0C9q2I2u": {"plain": 0.5050879292869421, "grounded": 0.6267382939332451}, "mf_ZOCO6PcuNy": {"grounded": 0.6541391587359682, "plain": 0.34933375391938476}, "mf_6QNhqqLOQ8": {"grounded": 0.5040709172201445, "plain": 0.6809865789068464}, "mf_AsEzycn6nA": {"plain": 0.4462690417721443, "grounded": null}, "mf_ACSlP2y6hN": {"plain": 0.4681333333333334, "grounded": 0.7425777483757278}, "mf_Cu9EUERsSg": {"grounded": 0.05984427749163656, "plain": 0.09745694316778497}, "mf_UhLCOgOlZq": {"plain": 0.06956890431092812, "grounded": 0.037118834015083556}, "mf_PRCARONAR9": {"plain": 0.5577842550886978, "grounded": 0.47205186758775003}, "mf_hcPCUE9EZt": {"plain": 0.5199, "grounded": 0.6140288779727147}, "mf_IZE8qttOIg": {"plain": 0.15338165706163673, "grounded": 0.286588542534054}, "mf_q0u089phPU": {"grounded": 0.41973776424854886, "plain": 0.2824193893926321}, "mf_nNUn6tQ5u2": {"grounded": 0.7318989812811483, "plain": 0.7686815060955717}, "mf_8L68gOlAQg": {"plain": 0.24, "grounded": null}, "mf_dnI666NSCn": {"plain": 0.49255527759947815, "grounded": 0.747180110077497}, "mf_00NuNRu0h0": {"plain": 0.5165686713628287, "grounded": 0.7674043896432887}, "mf_L09SuO8ZNZ": {"plain": 0.7317797940335464, "grounded": 0.4518868282784777}, "mf_ty5shQEI55": {"grounded": 0.6287347885540033, "plain": 0.6019457184663141}, "mf_SdgyIStn2g": {"plain": 0.02121321132292545, "grounded": 0.2823503191681888}, "mf_NnhcPy208n": {"plain": 0.7268297665133133, "grounded": null}, "mf_Lyq2sPQyu9": {"plain": 0.010615692367278093, "grounded": 0.025131624750420016}, "mf_N0nuyL9Nqh": {"grounded": 0.774416870832577, "plain": 0.1294673662606594}, "mf_AzyQp5pzhq": {"plain": 0.3253115621696905, "grounded": 0.5134662624789489}, "mf_UdUp2CCd6P": {"plain": 0.08734392082415965, "grounded": 0.17014472299198122}, "mf_lSq0yOR9E9": {"plain": 0.5018579182829704, "grounded": 0.09150390704605112}, "mf_l2NlQLNRE6": {"plain": 0.2945467021014477, "grounded": 0.44579943026057467}, "mf_IgUInLQ0sR": {"plain": 0.43185005739190446, "grounded": 0.44655002653681647}, "mf_cuPPs8NhlI": {"grounded": 0.21973333333333334, "plain": 0.3545966285771803}, "mf_nOq9hClNAq": {"grounded": 0.46244510634406555, "plain": 0.2199066395298367}, "mf_20QOnl6uRc": {"plain": 0.1092963454567302, "grounded": 0.1950239674103711}, "mf_I2ZE2puplc": {"plain": 0.18006666666666668, "grounded": 0.33053333333333335}, "mf_hCqLyStAyq": {"plain": 0.15000000000000002, "grounded": 0.30066666666666664}, "mf_lugP6Uzp20": {"plain": 0.5326666666666666, "grounded": 0.5326666666666666}, "mf_QO9IyQptPd": {"plain": 0.101, "grounded": 0.19569999999999999}, "mf_t8zNnn0scg": {"grounded": 0.3383221127250629, "plain": 0.5485191064698673}, "mf_Az2NA8gSu5": {"plain": 0.24356666666666668, "grounded": 0.6485333333333334}, "mf_A82tPPs62I": {"grounded": 0.34853333333333336, "plain": 0.4236}, "mf_u22EtEI9SR": {"plain": 0.3, "grounded": 0.3}, "mf_pcOudAS8CC": {"plain": 0.13500000000000004, "grounded": 0.30066666666666664}, "mf_2SIztOCStU": {"grounded": 0.3515425615635629, "plain": 0.21834120199503446}, "mf_ILyP2IsU8s": {"grounded": 0.5870083949062032, "plain": 0.7006273072421958}, "mf_9A8zl0ESCt": {"plain": 0.4103333333333333, "grounded": 0.27066666666666667}, "mf_6ZIyE9Ccsq": {"grounded": 0.3436, "plain": 0.3136}, "mf_upQEQlnESZ": {"plain": 0.4948338292931911, "grounded": 0.4295450549802198}, "mf_PNpqzN9ACu": {"plain": 0.485386498568396, "grounded": 0.3202290126872077}, "mf_qcC65NZtqu": {"grounded": 0.15000000000000002, "plain": 0.30879999999999996}, "mf_dInZ0AStP8": {"plain": 0.6296240079971155, "grounded": 0.6970067678170921}, "mf_QU8nsz0ZtU": {"grounded": 0.27, "plain": 0.27}, "mf_0t9ynRQnNP": {"grounded": 0.4626380669873232, "plain": 0.39919388367110825}, "mf_pN8ly2ON8R": {"plain": 0.6808666666666666, "grounded": 0.4245333333333333}, "mf_qApdQ9NSyl": {"grounded": 0.46244510634406555, "plain": 0.25148142521343875}, "mf_QnUISROd9L": {"plain": 0.4948666666666667, "grounded": 0.496}, "mf_6Oc5uzUE66": {"plain": 0.4706666666666667, "grounded": 0.4344}, "mf_2IPpP6hpZ0": {"plain": 0.3208533068285159, "grounded": 0.7219612197138991}, "mf_9AtN6IlzQR": {"grounded": 0.3477590262490597, "plain": 0.43256157686906055}, "mf_ysLLn58ZOE": {"grounded": 0.436132039026626, "plain": 0.6390580958067991}, "mf_ynqLZCzCO8": {"plain": 0.5, "grounded": null}, "mf_90PPtSQ2yL": {"plain": 0.5861090635818826, "grounded": 0.6832232023503719}, "mf_zyz6chPNZR": {"plain": 0.024000000000000004, "grounded": 0.0488}, "mf_y8LztqQUPS": {"plain": 0.5, "grounded": 0.34908237612948523}, "mf_56uCR0yAdL": {"plain": 0.7171145397417067, "grounded": 0.6763749038564111}, "mf_h6AggECyEq": {"grounded": 0.35373333333333334, "plain": 0.12433333333333332}, "mf_ng9Uyugdg8": {"plain": 0.6824153986537318, "grounded": 0.7481840906044673}, "mf_Cu50LO0SRd": {"grounded": 0.7059449129630679, "plain": 0.5880763743720312}, "mf_2nq90cSnpy": {"plain": 0.3112388669848271, "grounded": 0.43142605339950446}, "mf_UOcZCCgzpO": {"grounded": 0.4493847455803928, "plain": 0.5307410737465917}, "mf_OQpl0ZU9R2": {"grounded": 0.7226731123412372, "plain": 0.40176853986289596}, "mf_zqhtQnLEOA": {"plain": 0.1573302286871033, "grounded": 0.2905285661412397}, "mf_2RgIqE65QL": {"plain": 0.10218426196268308, "grounded": 0.14484995830541314}, "mf_c6RU50hQys": {"plain": 0.16803333333333337, "grounded": 0.42746666666666666}, "mf_U8C9dZzR5q": {"plain": 0.01529048972602554, "grounded": 0.006751957889449518}, "mf_82SINn8ISh": {"grounded": 0.23546666666666666, "plain": 0.21}, "mf_Zz0zS6qcEA": {"plain": 0.20137846953039432, "grounded": 0.09740104165499242}, "mf_05U6ELpyQt": {"grounded": null, "plain": 0.14348714241042684}, "mf_9LcNOUu6SS": {"grounded": 0.01320469072239558, "plain": 0.0031135718751020354}, "mf_lcuQS5nEIq": {"plain": 0.004600597924230444, "grounded": 0.0017817783057004304}, "mf_UNsOOIL0LE": {"plain": 0.003926373168291319, "grounded": 0.018749542697164175}, "mf_8cEE95RNRn": {"plain": 0.12924320131666805, "grounded": null}, "mf_hOngsUcSd5": {"grounded": 0.19546666666666668, "plain": 0.15046666666666667}, "mf_cSl98uE2dt": {"plain": 0.045000000000000005, "grounded": 0.18266666666666667}, "mf_Ecd9Psg9In": {"grounded": 0.1812170475320375, "plain": 0.38397025629162573}, "mf_QOhlAI9qLN": {"plain": 0.04602004719930332, "grounded": 0.12705403066103688}, "mf_R6c9Rtc565": {"grounded": 0.21594175621812273, "plain": 0.37163126227319637}, "mf_p9ggqQOupU": {"plain": 0.06420000000000001, "grounded": 0.13802870765856393}, "mf_6Nn6S5nZu9": {"grounded": 0.372547478992065, "plain": 0.48104755493290174}, "mf_PUNEEIhELR": {"plain": 0.6681544559352232, "grounded": 0.6139451184410175}, "mf_AOZL5hNLN0": {"plain": 0.5, "grounded": 0.44790854323708285}, "mf_y5gEL85ltO": {"grounded": 0.1050177727434491, "plain": 0.04469703703663592}, "mf_hsUC65ZLsq": {"grounded": 0.18394649510046576, "plain": 0.13564304405100353}, "mf_qIhEdR5z88": {"grounded": 0.4641610385984639, "plain": 0.6235847014590657}, "mf_uNUI9OhdL5": {"plain": 0.03909852316880173, "grounded": 0.08069490828147008}, "mf_RZ5ZAsSL5P": {"plain": 0.0111574200987172, "grounded": 0.010610149596444546}, "mf_ggg6nytypE": {"plain": 0.2528694376447386, "grounded": 0.05894085362458002}, "mf_Lzh2g9PINy": {"plain": 0.13836423448924057, "grounded": 0.369575142276601},