{"mf_D38AIR8f03odzU8ZvoKr": {"gdelt": 0.29132297297647103, "full": 0.27692298277497623, "plain": 0.18818782215821045}, "mf_dcgscdEUc0": {"gdelt": 0.04181123620850651, "full": 0.030214142329697647, "plain": 0.04654404380926431}, "mf_e0OVJQIAAHKXRofxlvI8": {"gdelt": 0.8802377486001081, "full": 0.6400382087525797, "plain": 0.5593429794618383}, "mf_6Zyd999ZP9": {"plain": 0.1619150341774737, "gdelt": 0.27050847260598276, "full": 0.29686080656161407}, "mf_1N2cnoqviIjoUdO3g5ke": {"full": 0.12554369944598154, "gdelt": 0.14015882610423738, "plain": 0.1834485474819837}, "mf_Sc5CE2EQzU": {"plain": 0.042310965388779986, "gdelt": 0.039497570034989, "full": 0.02966202362655002}, "mf_r0uN7zwY0yRxBx0xq5Kj": {"gdelt": 0.4975887658961815, "plain": 0.24365891179126037, "full": 0.7698490188757926}, "mf_a01aHewEJNDOl4fIKaAU": {"plain": 0.11219880748801163, "gdelt": 0.2399884789151181, "full": null}, "mf_g0LFKhaQSi0oQYTU0W24": {"plain": 0.15586705476045903, "gdelt": 0.33987866812799417, "full": 0.21054870560846542}, "mf_9LQ6qh8n5L": {"plain": 0.21570007676268732, "gdelt": 0.07713092327276405, "full": 0.19656037712588956}, "mf_LlPiJmkZ6hG5SIJUKNhT": {"plain": 0.03142846172856257, "full": 0.3850334178117058, "gdelt": 0.231616137064116}, "mf_Ns9IINcnz9": {"plain": 0.18674154684863137, "gdelt": 0.584155745910457, "full": 0.4469923382774726}, "mf_LNAnAUINO6": {"full": 0.053071711780757765, "plain": 0.012786292727623239, "gdelt": 0.05121272928200889}, "mf_gwO10KEjs8WmGR6ZH5uD": {"full": null, "plain": 0.1801798704489468, "gdelt": 0.13826399203475445}, "mf_3l00o2wegl": {"plain": 0.015090937402795298, "gdelt": 0.0193180224754128, "full": 0.07932348683246819}, "mf_sJabjtNbZUXEGoW7Lhxt": {"full": 0.4124901201876875, "gdelt": 0.7155236828096098, "plain": 0.5135364263985439}, "mf_qusdd6d6P9": {"plain": 0.09724893057512124, "gdelt": 0.5260438914442007, "full": 0.01110729959180707}, "mf_gdLnsyyuS9": {"gdelt": 0.12598496986246943, "plain": 0.15878962784036962, "full": 0.1228973871228559}, "mf_ZhcpO8ENU2": {"plain": 0.4788580678149725, "gdelt": 0.4142059250156086, "full": 0.21230997360495474}, "mf_Uy556NdlPg": {"gdelt": null, "plain": 0.21909619760660728, "full": 0.3028512976109447}, "mf_Bltwwa9q7N7D6Vbh38A2": {"plain": 0.174618973128235, "gdelt": 0.11611837052514197, "full": null}, "mf_rUmeJspm9MSmTbsCyBAW": {"plain": 0.20660671321298174, "gdelt": null, "full": 0.12720179118716277}, "mf_6ghnZA5Enh": {"plain": 0.3237205545827749, "gdelt": 0.23156322435368937, "full": 0.0668450929119495}, "mf_C2dIS0cIQl": {"plain": 0.020297717061389244, "gdelt": 0.01376197559624545, "full": null}, "mf_8lkxxbd83d": {"gdelt": 0.0593519066334154, "plain": 0.026157646813419737, "full": 0.12312148375891756}, "mf_PEsd8ssyLl": {"plain": 0.036509866589498806, "gdelt": 0.0549433851591109, "full": 0.07606184890398672}, "mf_SII6AhhUSt": {"plain": 0.06933725380095979, "full": 0.11766637151105425, "gdelt": 0.04971833212522487}, "mf_EIUhmQ2ipAC44fzDYQPk": {"gdelt": 0.029388675749223873, "plain": 0.017925410907107812, "full": 0.011178828446766886}, "mf_g3g4aUv1dNGuCtPWKtW8": {"full": 0.24689586248786802, "gdelt": 0.3102800932438439, "plain": 0.4333328349322954}, "mf_pX9HWElu1wWNmnkL6NjW": {"plain": null, "gdelt": 0.41558564821429284, "full": 0.38464839361361963}, "mf_LgbMtrprovzrZ8LNt9Ig": {"gdelt": 0.7609050046114968, "plain": 0.2226756684306907, "full": 0.7532831319971278}, "mf_dpaawDugSihdsjG7Heah": {"plain": 0.08474090288726994, "gdelt": null, "full": 0.2587826960156917}, "mf_082pqEIZpZ": {"full": 0.039788940802048735, "gdelt": 0.018131506231695495, "plain": 0.01932816105941257}, "mf_ms30gHCwcuvanZhf1qMY": {"plain": 0.08885046970364249, "gdelt": 0.13171826836534953, "full": 0.1512297708211283}, "mf_uX4PBeSohMA87uQI7BTO": {"plain": 0.2023743547077626, "gdelt": 0.1397704046929998, "full": 0.19825256823198179}, "mf_zbe3d4jtp6": {"gdelt": 0.020364380778254667, "plain": 0.0511465925120173, "full": 0.020107148090004037}, "mf_G9n8NEwUTITBSblWyOlR": {"plain": 0.17643614886547748, "gdelt": 0.3431919922887392, "full": 0.10241601405610107}, "mf_6n0ygvkq9Sxkeeb7S2lI": {"plain": 0.1535803611441691, "gdelt": 0.4838058406952456, "full": 0.3766272675633585}, "mf_A0S8c52y5g": {"plain": 0.1404735366299375, "gdelt": null, "full": 0.2260395739193807}, "mf_ctY8RfjkkRz70wMnaBdj": {"plain": 0.05532229970951743, "gdelt": 0.07222289153415687, "full": 0.04619105396398387}, "mf_qJXymbqdQAtQ4ZGKnjq6": {"plain": 0.07963309470498502, "gdelt": null, "full": 0.058225019373412665}, "mf_jmrdhx4xvv": {"plain": 0.10459769265642058, "gdelt": 0.24174363747270958, "full": 0.257034612320422}, "mf_ggvr0xvnOORU1X8XNCL3": {"plain": 0.11531550502268219, "gdelt": 0.08228233587696933, "full": 0.08006240606122754}, "mf_728Km6Jq6uBM5aQTpEKP": {"gdelt": 0.7384912674925921, "full": 0.5069153892590293, "plain": 0.3402031565912418}, "mf_86lvdlbSi6KfmtDLZDdr": {"plain": null, "gdelt": 0.06531151821076138, "full": null}, "mf_UuPEgggI50": {"plain": 0.058937174791518915, "gdelt": 0.23856333089652845, "full": 0.11753284041582043}, "mf_NstCUAzyt2": {"plain": 0.035219438354648566, "gdelt": null, "full": 0.040155095477698584}, "mf_RzsZN6SlUp": {"plain": 0.011476160568611244, "gdelt": 0.07977148743360316, "full": 0.016033723833241573}, "mf_p5EUC0EOgh": {"gdelt": null, "plain": 0.2890423215454581, "full": null}, "mf_4gdkzbfvtt": {"plain": 0.11066151862506501, "gdelt": null, "full": 0.2650224948962077}, "mf_IOqg8ZEtA0": {"gdelt": 0.24889214779814942, "full": null, "plain": 0.09788831481705994}, "mf_uEIhnZcnUL": {"plain": 0.21863514734842038, "gdelt": 0.25528632356762054, "full": 0.13016293190293093}, "mf_9uilbeza2n": {"plain": 0.21032523613418883, "gdelt": null, "full": 0.036699450674740716}, "mf_5PBiCM7mofSHR55eoXkP": {"plain": 0.3150851149438526, "gdelt": null, "full": 0.2951820921999987}, "mf_sNvW83UKz56mRDfUBvZQ": {"plain": 0.07194797592530183, "gdelt": 0.24930445143171626, "full": null}, "mf_i5jw0hITGB5MZHKqFEuR": {"full": 0.23294676132086378, "plain": 0.25949847772560547, "gdelt": null}, "mf_Os5tRR9qpy": {"plain": 0.3560023686283377, "full": 0.17623983698083012, "gdelt": 0.3161495803537482}, "mf_C9Rp92NCUt": {"plain": 0.5871050806124924, "gdelt": 0.5557129857732948, "full": 0.3120227698581441}, "mf_hzyuooQ80IhrxsMA2kvc": {"gdelt": 0.07848105339119821, "plain": 0.16024437480617798, "full": 0.02666219904006779}, "mf_aoz7g7jqvy": {"plain": 0.23191110222444597, "gdelt": null, "full": 0.06811017445155004}, "mf_ycO22RIAAZ": {"gdelt": 0.3170438444150054, "plain": 0.06906116409392221, "full": 0.045590016133127326}, "mf_2c5uqSUngL": {"gdelt": 0.33889267876292783, "plain": 0.2537212152470727, "full": 0.37363433513403327}, "mf_3RMAHTwyxV66ewG7acG9": {"gdelt": 0.28309067508829144, "full": 0.3968116615311136, "plain": 0.04057152742769307}, "mf_uIUqzAht86": {"plain": 0.27572498453585587, "gdelt": 0.32715023998786485, "full": 0.47028608209081374}, "mf_088lp5nhgQ": {"full": 0.05914461710717828, "gdelt": null, "plain": 0.06795610931261128}, "mf_OSlZhC268Z": {"gdelt": 0.01908569560948274, "plain": 0.16930348212620303, "full": 0.0197784688399044}, "mf_ZOS0sNnzQ6": {"plain": 0.1230095992153685, "gdelt": 0.19719295691243008, "full": 0.21787518627924776}, "mf_cLQNUtU8IQ": {"full": 0.18680738614080517, "gdelt": 0.0329440317238904, "plain": 0.09855395815670448}, "mf_2QgRCnRsPn": {"full": 0.33285515290314355, "plain": 0.1221132982613153, "gdelt": 0.43449807169562554}, "mf_60R6kt9Yk541qbBPavSX": {"plain": 0.14175993450254074, "full": 0.15062162544518032, "gdelt": null}, "mf_1yZ8runlTOsIxCZlvBoK": {"gdelt": 0.18139521328221236, "plain": 0.3783307869028317, "full": 0.18335830182578355}, "mf_8tgq0OhN5P": {"gdelt": 0.28178071225501417, "plain": 0.38733819586920337, "full": 0.4565032018083617}, "mf_uQQ0UELRzL": {"plain": 0.3919462740703884, "gdelt": null, "full": null}, "mf_cuU0gAOAyL": {"gdelt": 0.020514362980638322, "plain": 0.02033234205878135, "full": 0.013123187248706434}, "mf_1MFrcGa15GT4zZGmxWEM": {"plain": 0.0965997004400759, "gdelt": 0.16524079743852435, "full": 0.18509467932221516},