{
 "time_forward": {
  "n": 400,
  "real_rate@7d": 0.115,
  "arms": {
   "I0": {
    "brier@1d": 0.1014,
    "brier@3d": 0.1061,
    "brier@7d": 0.1084,
    "brier@14d": 0.1084
   },
   "I1": {
    "brier@1d": 0.0875,
    "brier@3d": 0.0919,
    "brier@7d": 0.0941,
    "brier@14d": 0.0942
   },
   "I4": {
    "brier@1d": 0.119,
    "brier@3d": 0.1499,
    "brier@7d": 0.1844,
    "brier@14d": 0.2091
   },
   "I5": {
    "brier@1d": 0.0912,
    "brier@3d": 0.0951,
    "brier@7d": 0.0974,
    "brier@14d": 0.0974
   },
   "I6": {
    "brier@1d": 0.1024,
    "brier@3d": 0.1292,
    "brier@7d": 0.1573,
    "brier@14d": 0.1799
   },
   "I7": {
    "brier@1d": 0.1175,
    "brier@3d": 0.1459,
    "brier@7d": 0.1794,
    "brier@14d": 0.2034
   },
   "I8": {
    "brier@1d": 0.1175,
    "brier@3d": 0.1459,
    "brier@7d": 0.1794,
    "brier@14d": 0.2034
   }
  },
  "paired_vs_I1_brier7": {
   "I0": {
    "mean": 0.01426,
    "ci95": [
     0.00174,
     0.02872
    ],
    "n": 400
   },
   "I4": {
    "mean": 0.09027,
    "ci95": [
     0.06638,
     0.1146
    ],
    "n": 400
   },
   "I5": {
    "mean": 0.00328,
    "ci95": [
     -0.00217,
     0.00945
    ],
    "n": 400
   },
   "I6": {
    "mean": 0.06321,
    "ci95": [
     0.04063,
     0.08546
    ],
    "n": 400
   },
   "I7": {
    "mean": 0.08528,
    "ci95": [
     0.06181,
     0.10905
    ],
    "n": 400
   },
   "I8": {
    "mean": 0.08528,
    "ci95": [
     0.06181,
     0.10905
    ],
    "n": 400
   }
  }
 },
 "person_disjoint": {
  "n": 400,
  "real_rate@7d": 0.022,
  "arms": {
   "I0": {
    "brier@1d": 0.0221,
    "brier@3d": 0.0221,
    "brier@7d": 0.0221,
    "brier@14d": 0.0221
   },
   "I1": {
    "brier@1d": 0.0223,
    "brier@3d": 0.0223,
    "brier@7d": 0.0223,
    "brier@14d": 0.0223
   },
   "I4": {
    "brier@1d": 0.0306,
    "brier@3d": 0.0358,
    "brier@7d": 0.0458,
    "brier@14d": 0.0563
   },
   "I5": {
    "brier@1d": 0.023,
    "brier@3d": 0.023,
    "brier@7d": 0.023,
    "brier@14d": 0.023
   },
   "I6": {
    "brier@1d": 0.0306,
    "brier@3d": 0.0363,
    "brier@7d": 0.0462,
    "brier@14d": 0.0563
   },
   "I7": {
    "brier@1d": 0.03,
    "brier@3d": 0.0353,
    "brier@7d": 0.0448,
    "brier@14d": 0.0549
   },
   "I8": {
    "brier@1d": 0.03,
    "brier@3d": 0.0353,
    "brier@7d": 0.0448,
    "brier@14d": 0.0549
   }
  },
  "paired_vs_I1_brier7": {
   "I0": {
    "mean": -0.00019,
    "ci95": [
     -0.00059,
     0.00015
    ],
    "n": 400
   },
   "I4": {
    "mean": 0.0235,
    "ci95": [
     0.01779,
     0.02928
    ],
    "n": 400
   },
   "I5": {
    "mean": 0.00066,
    "ci95": [
     4e-05,
     0.00131
    ],
    "n": 400
   },
   "I6": {
    "mean": 0.0239,
    "ci95": [
     0.01799,
     0.02993
    ],
    "n": 400
   },
   "I7": {
    "mean": 0.02248,
    "ci95": [
     0.01717,
     0.02738
    ],
    "n": 400
   },
   "I8": {
    "mean": 0.02248,
    "ci95": [
     0.01717,
     0.02738
    ],
    "n": 400
   }
  }
 },
 "_meta": {
  "maildir": "data/enron/maildir",
  "limit": 60000,
  "n_particles": 24,
  "mechanism_status": {
   "reply_hazard": "fitted",
   "recipient_rate": "fitted",
   "relationship": "fitted",
   "workload": "fitted",
   "hour_weekday": "fitted",
   "check_rate": "fitted",
   "attention_latent": "prior_backed",
   "message_content_eval": "experimental (LLM policy, off by default)"
  },
  "runtime_s": 137.0,
  "llm_arms": "I2/I3 deferred to subsample run (flagged; not fabricated)"
 }
}