{
 "n_targets": 48,
 "n_users": 4,
 "detail": {
  "P0": {
   "brier": 0.1289,
   "logloss": 0.4396,
   "auroc": 0.5,
   "pr_auc": 0.245,
   "real_rate": 0.146,
   "pred_rate": 0.08,
   "hyperactivity_delta": -0.066,
   "n": 48
  },
  "P1": {
   "brier": 0.1294,
   "logloss": 0.4626,
   "auroc": 0.563,
   "pr_auc": 0.243,
   "real_rate": 0.146,
   "pred_rate": 0.077,
   "hyperactivity_delta": -0.069,
   "n": 48
  },
  "P2": {
   "brier": 0.1282,
   "logloss": 0.4906,
   "auroc": 0.592,
   "pr_auc": 0.229,
   "real_rate": 0.146,
   "pred_rate": 0.078,
   "hyperactivity_delta": -0.068,
   "n": 48
  },
  "P3": {
   "brier": 0.1451,
   "logloss": 0.5042,
   "auroc": 0.392,
   "pr_auc": 0.141,
   "real_rate": 0.146,
   "pred_rate": 0.106,
   "hyperactivity_delta": -0.04,
   "n": 48
  },
  "P4": {
   "brier": 0.1295,
   "logloss": 0.4301,
   "auroc": 0.549,
   "pr_auc": 0.172,
   "real_rate": 0.146,
   "pred_rate": 0.103,
   "hyperactivity_delta": -0.042,
   "n": 48
  },
  "V5": {
   "brier": 0.1271,
   "logloss": 0.4815,
   "auroc": 0.624,
   "pr_auc": 0.244,
   "real_rate": 0.146,
   "pred_rate": 0.082,
   "hyperactivity_delta": -0.064,
   "n": 48
  },
  "V5_no_persist": {
   "brier": 0.1271,
   "logloss": 0.4813,
   "auroc": 0.62,
   "pr_auc": 0.232,
   "real_rate": 0.146,
   "pred_rate": 0.082,
   "hyperactivity_delta": -0.064,
   "n": 48
  },
  "V5_no_interp": {
   "brier": 0.1282,
   "logloss": 0.485,
   "auroc": 0.61,
   "pr_auc": 0.24,
   "real_rate": 0.146,
   "pred_rate": 0.081,
   "hyperactivity_delta": -0.065,
   "n": 48
  },
  "V5_no_latent": {
   "brier": 0.127,
   "logloss": 0.487,
   "auroc": 0.594,
   "pr_auc": 0.235,
   "real_rate": 0.146,
   "pred_rate": 0.08,
   "hyperactivity_delta": -0.066,
   "n": 48
  }
 },
 "paired": {
  "V5_vs_P1": {
   "mean": -0.00226,
   "ci95": [
    -0.02408,
    0.01726
   ],
   "n": 48
  },
  "V5_vs_P2": {
   "mean": -0.00111,
   "ci95": [
    -0.00402,
    0.00147
   ],
   "n": 48
  },
  "V5_vs_P3": {
   "mean": -0.01801,
   "ci95": [
    -0.05447,
    0.01311
   ],
   "n": 48
  },
  "V5_vs_P4": {
   "mean": -0.00237,
   "ci95": [
    -0.02708,
    0.02377
   ],
   "n": 48
  },
  "V5_vs_no_persist": {
   "mean": -3e-05,
   "ci95": [
    -0.00055,
    0.00044
   ],
   "n": 48
  },
  "V5_vs_no_interp": {
   "mean": -0.00115,
   "ci95": [
    -0.00347,
    0.00064
   ],
   "n": 48
  },
  "V5_vs_no_latent": {
   "mean": 0.00011,
   "ci95": [
    -0.00157,
    0.00166
   ],
   "n": 48
  },
  "P2_vs_P1_momentum_feature": {
   "mean": -0.00115,
   "ci95": [
    -0.02084,
    0.01744
   ],
   "n": 48
  }
 },
 "momentum": {
  "lift": 1.955,
  "p_hot": 0.1383,
  "p_cold": 0.0707,
  "n": {
   "hot": 46,
   "cold": 204
  },
  "persistence_structurally_exercised": true
 },
 "policy_momentum_weight": 0.09763,
 "repair_note": "targets=passive exposures only, uniform test-segment sampling; action-record types (rate\u22481.0) excluded as targets, kept as history",
 "_meta": {
  "llm_calls": 388,
  "llm_tokens_est": 225954,
  "est_cost_usd": 0.1548,
  "model_name": "deepseek-chat (DeepSeek V3)",
  "runtime_s": 573.1,
  "latency_s": {
   "direct_s": 196.7,
   "v2_s": 88.8
  },
  "license_note": "OmniBehavior CC-BY-NC-SA 4.0 \u2014 benchmark/research use only"
 }
}