{
 "time_forward": {
  "n": 400,
  "real_rate@7d": 0.115,
  "arms": {
   "I0": {
    "brier@1d": 0.1014,
    "brier@3d": 0.1061,
    "brier@7d": 0.1084,
    "brier@14d": 0.1084
   },
   "I1": {
    "brier@1d": 0.0875,
    "brier@3d": 0.0919,
    "brier@7d": 0.0941,
    "brier@14d": 0.0942
   },
   "I4": {
    "brier@1d": 0.0895,
    "brier@3d": 0.0939,
    "brier@7d": 0.0954,
    "brier@14d": 0.0951
   },
   "I5": {
    "brier@1d": 0.0939,
    "brier@3d": 0.0985,
    "brier@7d": 0.1008,
    "brier@14d": 0.1008
   },
   "I6": {
    "brier@1d": 0.0933,
    "brier@3d": 0.0982,
    "brier@7d": 0.0997,
    "brier@14d": 0.0993
   },
   "I7": {
    "brier@1d": 0.09,
    "brier@3d": 0.0948,
    "brier@7d": 0.0964,
    "brier@14d": 0.0961
   },
   "I8": {
    "brier@1d": 0.09,
    "brier@3d": 0.0948,
    "brier@7d": 0.0964,
    "brier@14d": 0.0961
   }
  },
  "paired_vs_I1_brier7": {
   "I0": {
    "mean": 0.01426,
    "ci95": [
     0.00174,
     0.02872
    ],
    "n": 400
   },
   "I4": {
    "mean": 0.00131,
    "ci95": [
     -0.00257,
     0.00534
    ],
    "n": 400
   },
   "I5": {
    "mean": 0.00666,
    "ci95": [
     -0.00154,
     0.016
    ],
    "n": 400
   },
   "I6": {
    "mean": 0.00561,
    "ci95": [
     -0.00182,
     0.01418
    ],
    "n": 400
   },
   "I7": {
    "mean": 0.00227,
    "ci95": [
     -0.00202,
     0.00704
    ],
    "n": 400
   },
   "I8": {
    "mean": 0.00227,
    "ci95": [
     -0.00202,
     0.00704
    ],
    "n": 400
   }
  }
 },
 "person_disjoint": {
  "n": 400,
  "real_rate@7d": 0.022,
  "arms": {
   "I0": {
    "brier@1d": 0.0221,
    "brier@3d": 0.0221,
    "brier@7d": 0.0221,
    "brier@14d": 0.0221
   },
   "I1": {
    "brier@1d": 0.0223,
    "brier@3d": 0.0223,
    "brier@7d": 0.0223,
    "brier@14d": 0.0223
   },
   "I4": {
    "brier@1d": 0.0231,
    "brier@3d": 0.0229,
    "brier@7d": 0.023,
    "brier@14d": 0.023
   },
   "I5": {
    "brier@1d": 0.0228,
    "brier@3d": 0.0228,
    "brier@7d": 0.0228,
    "brier@14d": 0.0228
   },
   "I6": {
    "brier@1d": 0.023,
    "brier@3d": 0.0229,
    "brier@7d": 0.023,
    "brier@14d": 0.023
   },
   "I7": {
    "brier@1d": 0.023,
    "brier@3d": 0.0229,
    "brier@7d": 0.023,
    "brier@14d": 0.023
   },
   "I8": {
    "brier@1d": 0.023,
    "brier@3d": 0.0229,
    "brier@7d": 0.023,
    "brier@14d": 0.023
   }
  },
  "paired_vs_I1_brier7": {
   "I0": {
    "mean": -0.00019,
    "ci95": [
     -0.00059,
     0.00015
    ],
    "n": 400
   },
   "I4": {
    "mean": 0.00071,
    "ci95": [
     0.0001,
     0.00139
    ],
    "n": 400
   },
   "I5": {
    "mean": 0.00053,
    "ci95": [
     -9e-05,
     0.00126
    ],
    "n": 400
   },
   "I6": {
    "mean": 0.00067,
    "ci95": [
     4e-05,
     0.00135
    ],
    "n": 400
   },
   "I7": {
    "mean": 0.00071,
    "ci95": [
     8e-05,
     0.00138
    ],
    "n": 400
   },
   "I8": {
    "mean": 0.00071,
    "ci95": [
     8e-05,
     0.00138
    ],
    "n": 400
   }
  }
 },
 "_meta": {
  "maildir": "data/enron/maildir",
  "limit": 60000,
  "n_particles": 24,
  "mechanism_status": {
   "reply_hazard": "fitted",
   "recipient_rate": "fitted",
   "relationship": "fitted",
   "workload": "fitted",
   "hour_weekday": "fitted",
   "check_rate": "fitted",
   "attention_latent": "prior_backed",
   "message_content_eval": "experimental (LLM policy, off by default)"
  },
  "runtime_s": 182.0,
  "llm_arms": "I2/I3 deferred to subsample run (flagged; not fabricated)"
 }
}