{
 "10": [
  1.0775708080179962,
  -0.07050263896043224
 ],
 "40": [
  1.0,
  0.0
 ],
 "100": [
  0.8810565085074707,
  0.058783979501144744
 ],
 "300": [
  1.0,
  0.0
 ]
}