{
 "version": "family-survival-1.0",
 "fit_on": "calibration split only",
 "global_hazards": [
  0.0093,
  0.0125,
  0.0095,
  0.0288,
  0.0724
 ],
 "families": {
  "generic": {
   "n": 293,
   "hazards": [
    0.0102,
    0.0104,
    0.007,
    0.0281,
    0.0616
   ]
  },
  "personnel_out_by_date": {
   "n": 4,
   "hazards": [
    0.0056,
    0.1075,
    0.0057,
    0.0173,
    0.1768
   ]
  },
  "announcement_or_visit": {
   "n": 3,
   "hazards": [
    0.0062,
    0.0083,
    0.0063,
    0.0192,
    0.1594
   ]
  },
  "meeting_or_deal_by_date": {
   "n": 5,
   "hazards": [
    0.0051,
    0.0068,
    0.0961,
    0.1293,
    0.0395
   ]
  },
  "price_threshold": {
   "n": 10,
   "hazards": [
    0.0035,
    0.0047,
    0.0036,
    0.0108,
    0.2146
   ]
  },
  "sports_match": {
   "n": 6,
   "hazards": [
    0.0046,
    0.0063,
    0.0047,
    0.0144,
    0.0362
   ]
  },
  "approval_or_passage": {
   "n": 2,
   "hazards": [
    0.007,
    0.0094,
    0.0071,
    0.0216,
    0.0543
   ]
  }
 },
 "walk_forward": {
  "snapshot_boundary": "2026-03-01",
  "n_training_rows": 323,
  "latest_included_resolution_ts": 1771999202.9426913,
  "min_source_ts": 1719619202.0,
  "fitted_at": 1784308530.9193184,
  "source_hash": "290b78b9eac465d8",
  "training_code": "swm.world_model_v2.event_time.fit_survival_pack"
 }
}